model,EPE,EPE_180,EPE_u,EPE_v,cos_sim,spatium,G_mag_u,G_mag_v,G_mag_L2,Iu_m1,Iv_m1,I_L2_m1
raft_mir_batch_8.pth,4.347295998358574,4.347295998358574,3.076710979356703,2.417034930570139,17.20692153645753,4.093106458935167,10.074996191485786,6.659771663579628,13.495708286833809,0.0,0.0,0.0
