model,EPE,EPE_180,EPE_u,EPE_v,cos_sim,spatium,G_mag_u,G_mag_v,G_mag_L2,Iu_m1,Iv_m1,I_L2_m1
raft_things_original_param.pth,2.802135461800008,2.802135461800008,2.0526831717258114,1.4413905062361134,10.978086853290726,2.20253453004343,10.074996191485786,6.659771663579628,13.495708286833809,0.0,0.0,0.0
