model,EPE,EPE_180,EPE_u,EPE_v,cos_sim,spatium,G_mag_u,G_mag_v,G_mag_L2,Iu_m1,Iv_m1,I_L2_m1
RAFT_chairs_no_mirror.pth_ev,1.4795305244121701,1.4795305244121701,1.0498598659178242,0.9926348028667271,74.37459994888306,2.0046869070106186,5.445475524902344,5.445475524902344,7.7010654106736185,0.0,0.0,0.0
