quadrant,EPE,EPE_u,EPE_v,cos_sim,spatium,G_mag_u,G_mag_v,G_mag_L2,Iu_m1,Iv_m1,I_L2_m1
q1,1.4380870205201208,0.9725937911588699,1.0174075260609388,74.36653309249878,1.9571183611289598,5.445475524902344,5.445475524902344,7.701065387815237,0.0,0.0,0.0
q2,1.4313520057536662,0.9475104301143438,1.024758246202022,74.36653309249878,1.9571183611289598,5.445475524902344,5.445475524902344,7.701065392017364,0.0,0.0,0.0
q3,1.4380870372466743,0.9725937928091735,1.0174075235780329,74.36653309249878,1.9571183611289598,5.445475524902344,5.445475524902344,7.701065419778228,0.0,0.0,0.0
q4,1.4313520152904093,0.9475104227457195,1.024758237225935,74.36653309249878,1.9571183611289598,5.445475524902344,5.445475524902344,7.70106540901959,0.0,0.0,0.0
