model,EPE,EPE_180,EPE_u,EPE_v,cos_sim,spatium,G_mag_u,G_mag_v,G_mag_L2,Iu_m1,Iv_m1,I_L2_m1
raft_things_mir_batch5.pth,2.7114993801678637,2.7114993801678637,1.9665528522423261,1.4219523753655947,10.973394203369258,2.0987535029306192,10.074996191485786,6.659771663579628,13.495708286833809,0.0,0.0,0.0
