model,EPE,EPE_180,EPE_u,EPE_v,cos_sim,spatium,G_mag_u,G_mag_v,G_mag_L2,Iu_m1,Iv_m1,I_L2_m1
RAFT_chairs_no_mirror.pth_ev,4.3580777138153115,4.310346362641749,3.045950377542493,2.453158478042349,15.763663714488576,4.139457218463495,10.074996191485786,6.659771663579628,13.495708286833809,1.8769008533386773,1.6118108623309506,2.739446608916884
