model,EPE,EPE_180,EPE_u,EPE_v,cos_sim,spatium,G_mag_u,G_mag_v,G_mag_L2,Iu_m1,Iv_m1,I_L2_m1
things_no_mir_fine_tune_RAFT_chairs_no_mirror.pth_ev,2.80141656253197,2.7688790066713445,2.0043469733173005,1.50382732359136,11.102288551220633,2.238582594747817,10.074996191485786,6.659771663579628,13.495708286833809,1.0516826746436005,0.7513212972963864,1.4553892403397277
