model,EPE,EPE_180,EPE_u,EPE_v,cos_sim,spatium,G_mag_u,G_mag_v,G_mag_L2,Iu_m1,Iv_m1,I_L2_m1
raft-chairs-original-retrained.pth_ev,4.239136817025004,4.484055462584085,2.9630053130092096,2.40117069883281,16.194573669852716,4.036220615382568,10.074996191485786,6.659771663579628,13.495708286833809,1.5600254722941562,1.4567963319895905,2.384885964290696
