model,EPE,EPE_180,EPE_u,EPE_v,cos_sim,spatium,G_mag_u,G_mag_v,G_mag_L2,Iu_m1,Iv_m1,I_L2_m1
things_no_mir_fine_tune_RAFT_chairs_no_mirror.pth,2.6963142196215713,2.6963142196215713,1.9326033985025743,1.442338753019269,10.909489850833024,2.080351872582572,10.074996191485786,6.659771663579628,13.495708286833809,0.0,0.0,0.0
