model,EPE,EPE_180,EPE_u,EPE_v,cos_sim,spatium,G_mag_u,G_mag_v,G_mag_L2,Iu_m1,Iv_m1,I_L2_m1
raft_things_mir_batch5.pth_ev,1.4315717175395355,1.396077224317362,1.0373074577174772,0.7418332093258413,9.514306679067419,1.1708525674100911,10.074996191485786,6.659771663579628,13.495708286833809,0.5585691493315896,0.41286307133691286,0.785571079511521
