model,EPE,EPE_180,EPE_u,EPE_v,cos_sim,spatium,G_mag_u,G_mag_v,G_mag_L2,Iu_m1,Iv_m1,I_L2_m1
raft_mir_batch_8.pth,1.4347194760218263,1.4347194760218263,0.9600521206520498,1.0210828606318683,74.36653309249878,1.9571183611289598,5.445475524902344,5.445475524902344,7.7010654106736185,0.0,0.0,0.0
