model,EPE,EPE_180,EPE_u,EPE_v,cos_sim,spatium,G_mag_u,G_mag_v,G_mag_L2,Iu_m1,Iv_m1,I_L2_m1
RAFT_chairs_no_mirror.pth,4.105622467736103,4.105622467736103,2.8857231803755496,2.289570112713576,14.755603361942812,3.6956804364509916,10.074996191485786,6.659771663579628,13.495708286833809,0.0,0.0,0.0
