model,EPE,EPE_180,EPE_u,EPE_v,cos_sim,spatium,G_mag_u,G_mag_v,G_mag_L2,Iu_m1,Iv_m1,I_L2_m1
raft_things_original_param.pth_ev,1.5829455089199784,1.4371761477030778,1.181566910043459,0.7606287447755349,9.56277918947304,1.1883657546740787,10.074996191485786,6.659771663579628,13.495708286833809,0.7100077577285991,0.43640913567027145,0.9461799929639563
