model,EPE,EPE_180,EPE_u,EPE_v,cos_sim,spatium,G_mag_u,G_mag_v,G_mag_L2,Iu_m1,Iv_m1,I_L2_m1
raft_things_original_param.pth_ev,1.1107754495963453,1.1107754495963453,0.7840382834095508,0.7484277705289424,74.06426593017578,1.4686209767488763,5.445475524902344,5.445475524902344,7.7010654106736185,0.0,0.0,0.0
