model,EPE,EPE_180,EPE_u,EPE_v,cos_sim,spatium,G_mag_u,G_mag_v,G_mag_L2,Iu_m1,Iv_m1,I_L2_m1
RAFT_chairs_no_mirror.pth_ev,2.2476565602068197,2.28739940151608,1.5374994876487655,1.3071091761749942,12.534610948347336,1.894995629705138,10.074996191485786,6.659771663579628,13.495708286833809,0.984957083567662,0.9222687549323674,1.4956623604726924
