model,EPE,EPE_180,EPE_u,EPE_v,cos_sim,spatium,G_mag_u,G_mag_v,G_mag_L2,Iu_m1,Iv_m1,I_L2_m1
things_no_mir_fine_tune_RAFT_chairs_no_mirror.pth_ev,1.538802484753582,1.5214302739044374,1.1417732077519214,0.7540640061440288,9.57073173336291,1.1520284781917771,10.074996191485786,6.659771663579628,13.495708286833809,0.8757853492035188,0.46881937474463276,1.1249388722375422
