model,EPE,EPE_180,EPE_u,EPE_v,cos_sim,spatium,G_mag_u,G_mag_v,G_mag_L2,Iu_m1,Iv_m1,I_L2_m1
raft-chairs-original-retrained.pth_ev,2.190082758790335,2.174649905391918,1.5056626301752645,1.260736966682786,12.83650872655263,1.8712463823597123,10.074996191485786,6.659771663579628,13.495708286833809,0.792896665634514,0.7481376301912335,1.219109569374726
