model,EPE,EPE_180,EPE_u,EPE_v,cos_sim,spatium,G_mag_u,G_mag_v,G_mag_L2,Iu_m1,Iv_m1,I_L2_m1
raft-chairs-original-retrained.pth,2.1002722596794396,2.1002722596794396,1.4399229092693437,1.2105859029755413,12.335022604688787,1.7163668838083586,10.074996191485786,6.659771663579628,13.495708286833809,0.0,0.0,0.0
