model,EPE,EPE_180,EPE_u,EPE_v,cos_sim,spatium,G_mag_u,G_mag_v,G_mag_L2,Iu_m1,Iv_m1,I_L2_m1
raft-chairs-original-retrained.pth,4.1980384139327995,4.1980384139327995,2.9246631929047915,2.3690389120355464,15.835144594354658,3.7813050046394956,10.074996191485786,6.659771663579628,13.495708286833809,0.0,0.0,0.0
