model,EPE,EPE_180,EPE_u,EPE_v,cos_sim,spatium,G_mag_u,G_mag_v,G_mag_L2,Iu_m1,Iv_m1,I_L2_m1
raft_mir_batch_8.pth_ev,2.2544111230470576,2.3210600655522344,1.5404891007392882,1.302717409312267,12.992606913121588,1.9505199532281325,10.074996191485786,6.659771663579628,13.495708286833809,0.77391568536617,0.7857226358921653,1.2362319480244868
