quadrant,EPE,EPE_u,EPE_v,cos_sim,spatium,G_mag_u,G_mag_v,G_mag_L2,Iu_m1,Iv_m1,I_L2_m1
q1,1.1162563105113805,0.7622206263169646,0.7638316746931523,74.07193867111206,1.5492730397423728,5.445475524902344,5.445475524902344,7.701065387815237,0.0,0.0,0.0
q2,1.162625417713076,0.8260941720400006,0.7725469300877303,74.07193867111206,1.5492730397423728,5.445475524902344,5.445475524902344,7.701065392017364,0.0,0.0,0.0
q3,1.1162563096284865,0.762220624955371,0.7638316782526672,74.07193867111206,1.5492730397423728,5.445475524902344,5.445475524902344,7.701065419778228,0.0,0.0,0.0
q4,1.1626254303604364,0.8260941826263443,0.7725469227619469,74.07193867111206,1.5492730397423728,5.445475524902344,5.445475524902344,7.70106540901959,0.0,0.0,0.0
