model,EPE,EPE_180,EPE_u,EPE_v,cos_sim,spatium,G_mag_u,G_mag_v,G_mag_L2,Iu_m1,Iv_m1,I_L2_m1
raft_things_mir_batch5.pth_ev,1.0547759707085789,1.0547759707085789,0.7394036142583936,0.7196122184824199,74.03514952468872,1.4300765581196173,5.445475524902344,5.445475524902344,7.7010654106736185,0.0,0.0,0.0
