quadrant,EPE,EPE_u,EPE_v,cos_sim,spatium,G_mag_u,G_mag_v,G_mag_L2,Iu_m1,Iv_m1,I_L2_m1
q1,1.0451201705038549,0.7302554005421699,0.7173422624953091,74.03514952468872,1.4300765581196173,5.445475524902344,5.445475524902344,7.701065387815237,0.0,0.0,0.0
q2,1.0644317493736744,0.7485518169868738,0.721882152678445,74.03514952468872,1.4300765581196173,5.445475524902344,5.445475524902344,7.701065392017364,0.0,0.0,0.0
q3,1.0451201723702253,0.7302553839720786,0.7173422658033669,74.03514952468872,1.4300765581196173,5.445475524902344,5.445475524902344,7.701065419778228,0.0,0.0,0.0
q4,1.0644317447729408,0.7485518203265965,0.7218821532111614,74.03514952468872,1.4300765581196173,5.445475524902344,5.445475524902344,7.70106540901959,0.0,0.0,0.0
