model,EPE,EPE_180,EPE_u,EPE_v,cos_sim,spatium,G_mag_u,G_mag_v,G_mag_L2,Iu_m1,Iv_m1,I_L2_m1
RAFT_chairs_no_mirror.pth,2.1319775742896465,2.1319775742896465,1.44828293721239,1.2437993472926927,11.74664250915149,1.7374068836473093,10.074996191485786,6.659771663579628,13.495708286833809,0.0,0.0,0.0
