model,EPE,EPE_180,EPE_u,EPE_v,cos_sim,spatium,G_mag_u,G_mag_v,G_mag_L2,Iu_m1,Iv_m1,I_L2_m1
raft_things_original_param.pth_ev,2.8337945131500906,2.9437248285333775,2.0717885546157215,1.465416746552207,11.314509838161047,2.2475127201656186,10.074996191485786,6.659771663579628,13.495708286833809,1.0680460677653065,0.744065883928171,1.4669592496397745
