model,EPE,EPE_180,EPE_u,EPE_v,cos_sim,spatium,G_mag_u,G_mag_v,G_mag_L2,Iu_m1,Iv_m1,I_L2_m1
raft_things_mir_batch5.pth,1.3622696832480852,1.3622696832480852,0.9845285268731265,0.7126569772384324,9.139730368779325,1.1180224731550208,10.074996191485786,6.659771663579628,13.495708286833809,0.0,0.0,0.0
