model,EPE,EPE_180,EPE_u,EPE_v,cos_sim,spatium,G_mag_u,G_mag_v,G_mag_L2,Iu_m1,Iv_m1,I_L2_m1
raft_mir_batch_8.pth,2.201914384519175,2.201914384519175,1.4979839259096557,1.2792935534689027,12.545262398081944,1.8366518153144291,10.074996191485786,6.659771663579628,13.495708286833809,0.0,0.0,0.0
