model,EPE,EPE_180,EPE_u,EPE_v,cos_sim,spatium,G_mag_u,G_mag_v,G_mag_L2,Iu_m1,Iv_m1,I_L2_m1
raft-chairs-original-retrained.pth_ev,1.370676394123584,1.370676394123584,0.9394360639695079,0.958778999786824,74.34428132247925,1.989607546910178,5.445475524902344,5.445475524902344,7.7010654106736185,0.0,0.0,0.0
