quadrant,EPE,EPE_u,EPE_v,cos_sim,spatium,G_mag_u,G_mag_v,G_mag_L2,Iu_m1,Iv_m1,I_L2_m1
q1,1.3956205858197064,0.9389294183570892,0.9983347261985764,74.34428132247925,1.989607546910178,5.445475524902344,5.445475524902344,7.701065387815237,0.0,0.0,0.0
q2,1.3457322360891848,0.9399427103586495,0.9192233042027801,74.34428132247925,1.989607546910178,5.445475524902344,5.445475524902344,7.701065392017364,0.0,0.0,0.0
q3,1.3956205890178681,0.9389294093307108,0.9983347138660028,74.34428132247925,1.989607546910178,5.445475524902344,5.445475524902344,7.701065419778228,0.0,0.0,0.0
q4,1.3457322266064584,0.9399426953233778,0.9192233052514494,74.34428132247925,1.989607546910178,5.445475524902344,5.445475524902344,7.70106540901959,0.0,0.0,0.0
