model,EPE,EPE_180,EPE_u,EPE_v,cos_sim,spatium,G_mag_u,G_mag_v,G_mag_L2,Iu_m1,Iv_m1,I_L2_m1
things_no_mir_fine_tune_RAFT_chairs_no_mirror.pth,1.1394408668503164,1.1394408668503164,0.7941574023291469,0.7681893018297851,74.07193867111206,1.5492730397423728,5.445475524902344,5.445475524902344,7.7010654106736185,0.0,0.0,0.0
