model,EPE,EPE_180,EPE_u,EPE_v,cos_sim,spatium,G_mag_u,G_mag_v,G_mag_L2,Iu_m1,Iv_m1,I_L2_m1
raft_things_original_param.pth,1.4533188308658047,1.4533188308658047,1.0634062317442452,0.7408996147589398,9.240307312333504,1.1479778792583861,10.074996191485786,6.659771663579628,13.495708286833809,0.0,0.0,0.0
