model,EPE,EPE_180,EPE_u,EPE_v,cos_sim,spatium,G_mag_u,G_mag_v,G_mag_L2,Iu_m1,Iv_m1,I_L2_m1
raft_things_mir_batch5.pth_ev,2.7245571568078657,2.8379336734097467,1.9570037272797252,1.4518181013031062,11.287689430225823,2.134100502326469,10.074996191485786,6.659771663579628,13.495708286833809,0.9692915981379584,0.6599453332709591,1.3282837971944745
