model,EPE,EPE_180,EPE_u,EPE_v,cos_sim,spatium,G_mag_u,G_mag_v,G_mag_L2,Iu_m1,Iv_m1,I_L2_m1
raft_mir_batch_8.pth_ev,4.502007156506711,4.431480579550569,3.1597437672173885,2.537395803835762,18.248200603910185,4.441330936682785,10.074996191485786,6.659771663579628,13.495708286833809,1.3945814268475651,1.323005030545389,2.136069295915357
