model,EPE,EPE_180,EPE_u,EPE_v,cos_sim,spatium,G_mag_u,G_mag_v,G_mag_L2,Iu_m1,Iv_m1,I_L2_m1
things_no_mir_fine_tune_RAFT_chairs_no_mirror.pth,1.3533936271964644,1.3533936271964644,0.9676182160438481,0.7271572404346938,9.265203859846713,1.0831452398565415,10.074996191485786,6.659771663579628,13.495708286833809,0.0,0.0,0.0
